CREATE TABLE account ( username VARCHAR(50) PRIMARY KEY, password TEXT, fullname VARCHAR(50), phone VARCHAR(11), birthday DATE, age INT );
CREATE TABLE category ( id INT PRIMARY KEY, name VARCHAR(20), description VARCHAR(50) );
CREATE TABLE subcategory ( id INT PRIMARY KEY, name VARCHAR(20), description VARCHAR(50), category_id INT, FOREIGN KEY (category_id) REFERENCES category (id) );
CREATE TABLE product ( id INT PRIMARY KEY, name VARCHAR(50), description TEXT, price REAL, image TEXT, brand VARCHAR(20), country VARCHAR(20) );
CREATE TABLE product_subcategory ( subcategory_id INT, product_id INT, FOREIGN KEY (product_id) REFERENCES product (id), FOREIGN KEY (subcategory_id) REFERENCES subcategory (id) );

INSERT INTO category VALUES ('1', 'category', '');
INSERT INTO category VALUES ('2', 'sex', '');
INSERT INTO category VALUES ('3', 'age', '');

INSERT INTO subcategory VALUES (1, 'action', '', 1);
INSERT INTO subcategory VALUES (2, 'puzzle', '', 1);
INSERT INTO subcategory VALUES (3, 'outdoor', '', 1);
INSERT INTO subcategory VALUES (4, 'vehicle', '', 1);
INSERT INTO subcategory VALUES (5, 'boy', '', 2);
INSERT INTO subcategory VALUES (6, 'girl', '', 2);
INSERT INTO subcategory VALUES (7, 'unisex', '', 2);
INSERT INTO subcategory VALUES (8, '0-year', '', 3);
INSERT INTO subcategory VALUES (9, '1-year', '', 3);
INSERT INTO subcategory VALUES (10, '3-year', '', 3);
INSERT INTO subcategory VALUES (11, '6-year', '', 3);

INSERT INTO product VALUES (1, 'Sport bicycle', 'Monolithic cast frame made of magnesium alloy, 7.5 kg light weight, lighter than 4 kg steel frame models. Disc brakes are firmly designed from small details, providing absolute safety for boys. Breakthrough design, unique bright colors, short-length adjustable chassis, suitable for the boys physique and increase the time to use the car.', 1699000, 'https://encrypted-tbn2.gstatic.com/shopping?q=tbn:ANd9GcQ3QE6XADWKyyXS5C2GVO1T9eHEmJNYcTCMcJWtf1gHzp5MPW2p81BpJuQcj9K8XqJjAE-uU77uE9A&usqp=CAc', '', 'Taiwan');
INSERT INTO product VALUES (2, 'Youth GIANT ANIMATOR bicycle', 'Giant bicycles not only possess an eye-catching appearance, rich in aesthetic value, but also guarantee all their customers superior features than other similar products in the same market segment.',300000, 'https://giant.vn/wp-content/uploads/2019/07/IMG_2789-copy.jpg', ' ', 'China');
Insert into product values (3, 'Children bicycle Little Swan', 'The hand brake is specially designed to suit the baby hand size and squeezing force. Wide pneumatic tires for better balance. Anti-slip plastic pedal. The two auxiliary wheels are easy to disassemble. Saddle and neck can change height to suit your baby height. The car is 95% assembled to help parents save assembly time. Accessories include: bells, kickstands (in sizes 16 ”and 18”), hexagonal, wrench, cart and special accessories for girls.', 2690000, 'https://encrypted-tbn0.gstatic.com/shopping?q=tbn:ANd9GcRyBmXpN5AEn0JiwENvVI5r45oDVeBEbcDaIxZaJES-PrAeQ4eMo6Tyg-2xLBZXyAk4Gjak1cvoVGc&usqp=CAc', '', 'England');
INSERT INTO product VALUES (4, 'FL1038 electronic car', 'FL1038 children electric car with 3 running speeds: Slow - Medium - Fast Large seats. The product has a seat belt for the baby when sitting in the car. The 4-wheel reclining mode creates a feeling of comfort for the baby. It is suitable for babies from 1 to 6 years old', 3250000, 'data:image/jpeg;base64,/9j/4AAQSkZJRgABAQAAAQABAAD/2wCEAAkGBxMTEhUTExMVFhUVFx0YFxgXGBgeGhoYFxgWGBgVGB4eHSogGBolHRcXITEhJSkrLi4uGB8zODMtNygtLisBCgoKDg0OGxAQGy4lICYtMC0tLS8tLS0tLS0tLS0tLS0tLS0tLS0tLS4tLS0tLS0vLS0tLy0tLS0tNy0tLS0tLf/AABEIAOEA4QMBIgACEQEDEQH/xAAcAAABBQEBAQAAAAAAAAAAAAAAAwQFBgcCAQj/xABOEAABAwIDBAYGBQcJCAIDAAABAgMRACEEEjEFQVFhBhMicYGRBzJCUqGxFCNywdEXM2KTouHwQ1Rjc4KSstLTFSQ0RIOz4/HCw1NklP/EABoBAAIDAQEAAAAAAAAAAAAAAAACAQMEBQb/xAAzEQACAgEDAgMHAwQCAwAAAAAAAQIRAwQhMRJBBVFhEyJxgZGhscHR8DJC4fEjghQzYv/aAAwDAQACEQMRAD8A3GiiigAooooAKKKKACiiigAooooAKKKKACiiigAooooAKKKKACiiigAooooAKKKKACiiigAooooAKKKKACioh/pIwiMxUATAOUxPAnd40mOlOH6wNkrSo+rKSAqNQk6E8taAJuio07bav61uVcL2+yAD2oP6OnfwoAlaKYHazfVl2+UGDa8mBp40kxt5lYkZvKgLJSiofE9JWEILiirKmJhN7kCI4yaUw232XAkpzQowOzQBKUUUUAFFFFABRRRQAUUUUAFFcld4rwLH8c6CLO6K5K/nHnXHXiArcY+JgUUFoVopuMWnW8ZssxqeXLnSingATwvU0w6kKUUyxO1G0IC1EwYgRclRASkDiSQPGm22OkLOGbU47mCUxMJk3IA076Olh1IlqKo35Vtne87+qVQfSvs73nf1SqKYWi80VSWfSls9RgF79Uqu/wApuA9539WaKYWi50VS/wAp2A9539WaKigtDA5SkyesaUJ1BAix7++mW0MACCCc7MAwNUkaKBHDiK7S0ttMsZTclSDz0NuNKJUCPqlZVJPaRp324HyprA7wCihkKdWTlTKlngN58KdOCE5kwcxBJmxB9oc6bYhvOwpMesgiO8aVVdn7Sdwaw0tKnGFmANVIJOg4ikXAM0DGOBOBJOmcf4h+FRuzxLWkynTjINOsc6DgUpm5Xccrmm2CSA2BuAEeVM+EKuWNdpjNh3I3kHxkG/On/R1uzYItI+4UzxQ+qICp7UTx1medTGyW4U3HEfMUB3LfRRRUDhRRRQAUUUUAFFFNtoY9tlBcdUEpG88eA4mgD109qJiRA+JNdce8VQtp9OFZs7SQECBmVcmZ0G6Y+FGA6eEH6wBQ1JFlW15eFP2F6GXxZt/aHzFMHVlSEIG/JnPAEiw5mvWNpIdaS40oKzKOXvEkg8IpQN5UIHFSZ5mJJ+FSiuR1iEgZALDMLcgD+FJbTxSUIVO8GANTY6V7j3YLcXVmsneTlV/78KSxeFytOrUZWUKE7gI9VPAfOpII53CGGVrPaLjUDchIUFZRxNhJ31A+lNX+6vc1IH7SatuOF2B/SD4JUfuqm+k9UsLHFxI8pP3UxCMgS3XaG5OlOerrxKaAJPC4dABVFwgn9k0xLiaftqhtf9WfuFQeaokLEeZxRTSa9pB6NW2dimHz1jCwFxcacYzJ3660ri3YMqBQ4oRmSJTI3KPA86OknQjD5V4jDlWHdQkrlv1CQCbp0E8UxVN2X07WlXU4lsubsyRc940NQ4uJanZei6kNyokCLkbptNMcUxmWjN2rghfvWNiKesEKSLWO4/I0i+1kUkiySTKeZ0I+NIuBu4hicUttw9kuNFIC24vu7bXE3unyqRYcQpALZC0mI8ItyI+dI6qN8yYEpHrIMTnT71osKbLcU0yVMZVHPN7BQKu13EifGp8iBZ9wZU31WBcRxqd2Z+cRxt5SKgcK917aXEoUEkgkKFwZE+Ezep/YwBeRI+HAE/dUkFroooqBgooooAKKKKACsl9MeNUrEsYfNlbS2XVEmBdRTJPIJj+1WtVTenuHw6FtYh1MmC0P8YPKMp86Boq2jP0Mt4hlSklQSkesm6baHSq6rDvdWHmHUvAKmETmEiNN4Iv4VecD0hWSpCGWcmuXrRnKcvuxJ7qcv4vDFGZkAGPGOHdSXRpcb5K/6KOkh+kfR1aOIXr76EEju7IV8K2HFuQWwLqJsOMJP/vwrIuhvR3Lj0YjKRl61RE2hTakSPF1N542rXyxC0E3VmMn+yqw5Xq+LtWYssalQl9Hhxsm6yVEn+yRA4C9KbY/Mr7o8zFdvfnW/srP+D8aS2wfqjzKR5rTQt2it8MQxv51gf0h+Da6pHpIMoji98kqq64k/Xsd6z+zH31Q/SEuyP61R8kn8acQoy2aaLEGpRSbUyWL0ECsfVuH9CPNSahSamHbNOHkkftCoUXpZ8kwPZor3qjwr2lH2PoTpB/wr/8AVq+INY/gcADiUyNBPxFa70iVGFd+wazTY93yeCPmT+FTl4GgTW38OpeGKUlSVSkgpmQQZGlROyNuYlKksvJDyVaL0Un7Q31YMSvsgZ8hkQSJk+740zS0eu7SR2QcpBmQYN+dU/2lhMobQsTYqSdQbgggwaQSrsGd5uCOJ0PAc6r/AKRWlYZ9l3C/VrW2kry6LJJGZQ0JqUa2sWmULxAKiuyy2mYsSVZeFqZ7UiFuOMOghKVNqhSQbbiLSCPaGnOpbZG0Wk4tDZJ6wp0g7wYIOh3+VMMIUqZKm1ZkRKTpItBHCpDYjiEPlxakpAGpt7MR8aglJvZF1opDB4tDqQtBlJmDfcYOvdS9SS006YUUUUEBRXhNQm2Ol+CwwSXsQgZzCcsqJI1skGBNpNptUpN8BZL4jEobErWlA4qIA8zVR6cPYfE4cdViGVOtrC0JStKisgKzIABJunMfCTAk1k/TbbwxmNcdSoqaSQlqQRCAADANxJk+VWD0cMsJQt0qa65Sy2gELKwkoRolPvEkSeEcRV2XEsWPrlfyFhJuVIj8JslojMpKQ2TmgOKHOMua1M9o41TbLjiAEoSClKjYFRHZQm3aVvgTAF6s7OwMOla38QlxtpILmVxSkIKQYJCAZJ07JF5Ai9UDpTthWKdBCcrTcpaQAAEpnUgWzG0xwA3TVOCPtJNNPY0ZctLY3Lo/s4MMIW7iEvOvJku9lKVBWXKlsaBEHvOp5Tn01tb/AFaVBSmwSsC+UkCAeBg6V8suOFQ9acogAm8DcJsAOArRPQ/t4YZbiMU6EtrEtlQNlEiQSBYEAG/DnWqWCo7bmPqt7mzOfnk8kK+aKR2x6g5uI/xppPB7TZecCm3ULGSJChqVacjaltqiyB/Sp+Bn7qo3TVg+Bo7/AMS1yQ4figffVA6cEFTYJ9pZ+X41oRT/ALyk7g0rzKkW+Bqg9I9kP4hxvqmyoDNKrBIkp3nu3U9i9LfBV3EJjWo9aEzrVtc6OsNf8XjWWv0QtM+aj91MsbiNhJTlOJE+8jrSqeMwUnuiKV5Iovho8slfBBYvq0sqk6qT99QpxiR6qa0JPo8WsEF5IbJCkLKTmIgwCi0G/Gqxt7oY/hjPZcRuUm0clJNx8RzqJSV7CLBNJtogPpquAopf/Zrnu/Kio3F2L/0i244tkyvgD4qFR/Rky4sgyMqfmqm+PAUkJPtEff8AhTronhgguQNcv30mVj4uCxYxxKUjMEmTEKMTY6E6GmzLCQsKRmCcuWCZTNoIPwqQWxnEQk/aEimWHwYQsnKlJI9mY1pa9yx73E+nig5iGgk2DaB+3XW0yEsXEwCQJgyAbiovHuTiGxe5HdZRP3Uu3tFt0OodlKmlrEAGUCFoSSn2wpBzToZtpTOMpPYnE4KSc+LJ3oWr108AmO69QHTllSsUhDTjiVgAJShUTaSSTY6b+FSHRjHpacIWRlcSMjiTKDBtO9B11Ec6pPSPbCl4t5SXFI+sUkFJglITljymqcMW10y5R3NfmWOTyY/6ZJU196+lGm7A6SM4dCGV4ltbvtAR628cvPwpbbXpOw2Gc6txt1RyhaSjIUlKpG9Qi4I8Kp3o92I09hHm4AK3LLIzEEkDNc3041SvSXg3cLjSy6vMlLaC0sjLnQoSYEnReca7q0YY1KpcHL1TjKKmm7e7s0jFemUT9VhZTxWu89wBtpvqA216XMS4nKjKyf0Ik+KgfhFZiy06r1G3FfZQo/IUu00/mOHS251jhEt5FdYYBUBljNoc0dxrXeOPETDUn3Jh3ptji0rDrxC3GlmSFkqVxIzesUk+ySRYVA4jaBII86nMB0C2m9YYNxF4zPQ2P2yCfAGrbsf0IvKg4rFNtjelkFao+0qAk+BqHlpUg6V3KPhD2Qa1X0YN4VloYp1aOtUtaUgkSlA7GhNiSFGeB4VmO12ksPu4cJWgsrUj6z1lBKjkWbCMyMpta8jWnf0pn6JKVq6zNlUkpI9aSSDoRAPA8qu6ozjQtNE10+6YHHO5U2w7aj1afeIt1quZEwNwPEmqVicV7I8fwrjEOnQamrBt9xj6MEIW2SjIUpCk5k27W+8jXfPHdDdKkMkVVTsE0o1tAikUNhSgkqSgEwVKnKkb1GATA5CrTszoxhGi4rGYgL6tWQNtKglUarJvadB4m0VSsklwS0iIY2vBFiSTAAFyToBvJrStkdKlYItYbEtra60SlxZOcKgR2SZSkExBAnxpX0dYXCBjrcO2ErC1IU4Tmc7J9/VAKSg5UZdblWtTm1cBh30hDzSHEpMpCgLE6kcJ38ajI55Y1dIbHOGN3Vio27lSpSnAlxB6shIzKDioyKS2CCUlK0qjgQTvpnitgJd/4jE4t+dQp4oR/caCBXreDw6FJWhlpK0pKUqShIUEmZAIExc+Z407GLw6O1iX0N8GyoBRHEic0eFUqMMa95mhe11D/wCNNIjcJ0KwBOVvBtqI1KitQH2ipRqd2f0VwOHUHEYZjrU3SoNjsninnz17qbv9McKhHZK8id6WXMo8SkCq5tLpAMYUts4pLCSTmBBladwzBQKd9hE8RVUs8XsqOhh8Nmk5Si3RZdp9Jk9YWWfrnt6UmyftHjyF+MC9QKXMQ4w+cQtCjJKOr9XKEpUEjjBzCZN95qQwWzWmUZGkAJPrQAM/Ncaj9Ekim20HFBwJ9laSk85Ch8DHnSzlFUasGDJNSvZU9v3f6FZorqKK0nk9xXGsHMJOqvKyqldhJguW3p+X765xuDTYqKR3Fz/NXey8R1WYBaCCZMhZMgRvPCqpqzTGNMsOCOvGkMR6/h+NNhtj7P7VeJ2kSrRP7VQ17tDrki1Ih5KTqCP/AJGoHpjicjin0qyuNAJSR7Wn1ah7SSom27UXq5vMpCwsgJXOhBjSPHU1U+l+AS82uE5QlwqWu/rTlTlEc1Qm5OccqrlcprofHJ0dJiWKE3mjXUqja2t/62OOjGy3HAraBypQ4nq0tAGB2kZlgn9JJ3bz41LHO5nHN8rUed1GtC6G7UYRgvoq8QesTmCEugotqlLeZCZuNJJmapGB2E6VkrBQSTAMAm9zcgJHMkcppoO5uTfI2qxNYY44x4bvv5F/9GOJS00rOpIKnUJSJ1WpQyoTxJ5VqL2Ig+oFZd5Gk891Y1gdmutLbeQhtSm5yDO5CJF1BQKUlRFipM8J3VYk7Jxe0lAYtKvooOYjrBEgR2JVI1PaJVG6Do6abpmbPjl0JrhbXT3Li5topJlYGlgQSPAXrL/Srs9vEr+mYZ1PXsgpeTMKIToUz/KJBII1I0umDpOE6K7OaEJwTMcVthZ5SVTNIbV6GbPfdQ8pjItsAAtKLYgGYITAOp3TFPGFcWYm2uT50G1H3AlCluuBJJCe0qCqJMcbD+DUmjbuOQiGjiU3BkJctBBG6NQK+mMOttsZW0JQOCUgD4V0cfT+8L1I+ZOlHSRGMWXHGMrwQEdYnMklSJutObKTuNrCw0FQLb1pHjX0DtToLhHS6+4pxx9QJDmIVmQg3IJbTkQpI902qm4joucQs53UugWlDCW0W0gT2RwFqmmtxotPZGZBYOtSexNgP4skMpGVPruLOVtH2lRr+iJPKrXjuguGEDrFJNhYgmSY0iAfHwqd6QqDK04dsZWWmkZG0+qDK5VzUbSTc0scqm+mLNU9LkxQ9pkVLt6lP27gcNs5tCWz1+KdST1qxCWkSU5m2zookEBSpNiezVRwWEW84ltAKlrVA7zvJ4aknka2c4Nl9psPNIcASIzJBIngdR4VR9tbBdwa1u4UqWyntOJEktCZGeNU7wo3Gu7NUyhW5QsnVtRf9j4NGFw6GUEZUDtK0lRupZ7zPhA3VLYHArdvdCPeIufsg/M20Imqp0B6VYd91Lb8l1Rhom6cwvERdVrKMnuuTdukHSjD4UdtUriQhN1Hv90czS5MyivI0aXRvNK+X5Dh3YuHKYUkqG+VrAPNQBAV4i26qvtPpJhMMeqwbDbjxsOrQMoPMgSs8hw1FMH3MbtD84fo+HPsCcyhz0Ku8wORqa2XshrDphtME6qN1HvP3CBWJyc3a29e56HHgjhjU3f/AMp7L4/4K5jOj+LxYLmKfyq9hsXSnwBhPhJ4mq1tDofimrhOccU3+GvwrVTXLygElSiAAJJ4AXJpXiiXxzzW1KvLj6UY5hcbimVZUKcQRukgeINWjB7XxS0AvFBicpywqSIm0CwPDWKdt4M4la8S5ZA9Ub8qdBy/EmmzypNhA3DgKXTwc5X/AG/kr8W1UNNgpf8Ase3w8/p+RGTxr2vYryukeHos2PSI1PjTRlHOl9oo33psyaWRrih6lswbTAnyps0p0FQcZWgA2XkV1ahuKVkQTxEzINTez2Qn17SbjUqI0QALkDU844UpisalBKVtpWyqCWlqUpWYKkFAzZG5NzrdIOtUZ1Fx6W6Ov4djyQl7RR6v5u0QeKxaUJlZtNhxPIcagMVjnHlEIzBPsomQkwEFwCwzkWKjoCQIBMusVs5SzJWJAsDOngIp1gcAEC9ydfw7q5fVJOkeu9lg6VKStrdejIzDbKcgdWpIUkiFkZhII9VJEW4nw41YMJgW0XUlTi/aWskkniALJ8BXqFVK7KwYV2l+qPKwJJPKr8bk10owaqMHL2uT8v8AHA7wLGEYT1z68xIkIM30sB7Wo5Xvxp9s7HuYn61YyMj800N8fyi+PIab72NUfEYg4vEpSJSlSghA91scuMSrvrQUQkBKRAAgAbgNBV2GXU3XC+5i1mH2aTnvN+f9q8l6+voLYnExGsTeATpJ3cwPOkfpyffTPCRPlrSeIxKUDMogDn8qjHOleCbkvPtgDdOYfszPyrZHMo7M5GXQSy+9G9vSyaDxOknkASfhSwwzp9kJ+0oD/DJ86qi/SjgsyW2S46pRCUIaRqVGAkCZueApHbvTnE4dKlK2ZiwlOq1AhIHEkJIA5zTvK3wjMtFX9TX1X4uy3ubOWbF1sDeOrKviVgfCmO1MEyhEvYhyIMJHVpB5ABM/Gs9xnpTfQQFYQIUQFZFFWcNm+c6BMiIG/kIlPEbX68B7PmziQfujdHCsmozuMd0dXw3w+OWdRlVeXP8APUdYz6OSDkBykFMlUggyCL6zFMsZiEvKlWYLNs0zIGgUPE3FRuJxIAKlGANTVYxnSFRPYAA4nU/hWHFkyuVwPQazBo8cOnPvf1NBO28IxDeIxQGVCey2hwuGwOpTCJEaSeBGtK/lM2ehPVtoeyAGEJQEpUo6lxWfMQTrvNyZ0rNFbQ6xKswGYCe8DXyqKxhlCSNJVMf2QPnXSjOU1u9zyuaOPTyfsla5T7v9i27D6lpSVsJ7YuFqJzDkgT2Bzknuqe2VjWWllxTJWsmcyllRB4gKGvMmedVP/ZylBNwCkSZ/RTp30s2y6NFeZn51zXN3dnrcWKMY9PRS9NvsaZh+k2HVqVJ+0PvEipBnHtL9RxB7lCfKsocxSkJlYFuHhpre/KnGy8Q28coKpiYCCT4n1R4mrI5sj7WU5MOmh/VLp+JqyjxqB2/is4S0i8mVAAkqAIsALlM6nTjUTh0KQIClAcM5Pw9UeAJ50qxiUonLmBOpStUnmb3PfWn2cpr3tji5fE8WGX/F7zXfhfuP9oHELTlDAab90EFR4ZiLDuE99Ra8C6P5NVOjjlH+VcHiD86RXiHDIDyxO+R/lrTH3VSOBnm80uqb3G/0Vz3FeVFey5/OF/3h/loqeplPs0TGMJJ0md8z8pFN38U20MzjpaSkZlL6sryDMlAUUgzGdaBIBidODt5WukG05QJ++qh0lB6nELgltxoNoIHt9Y24BBgn82TIpMmTpa+J0dJpHmjOXaKv59l/PIl8RiMYwlKyUYhhSgkPsLGWSSAlZsUmToqL7qks+88Nax4hwGEByF9pNj28u8CO0QUqE8Qae4HpI4jQkDkZHkayajE57xR1vDtbDFcMsn6bfqail8xeBeJJAAtJJJIEAfwTAPDDpWkKIUmfZUIMbjyngYNqpuG6bGIISd+8X46608b6YpOqPI/urK4NKnHc68Mink6o5F09lt92y3sa6gDif3VbNlEJSEg3gQZFwbyPEmstb6Vtbwr4VJ4PpZIytLbSoQQH3EoTc+ybyeMaDWrtNfVVFPiCisXW3t9fwacoA6gHvANc9Sn3QO6R8qquytq7Rd9VrCOD9HEp7tIFTSVbQHrYKfsuIPzUK6Ps2ee/8mC8zva+xmsQ31bgJAVmEKMggETfkTUJs/oj9FdLuHKZUgoVmQDKVFJIvr6o0KanGsRifawL48Wz8l0m9tgInrGnGyBMLgE90m/fS+wd9Vblq10eh43K4+TKx08weKxAZSepT1awULYbKXs5FhdRKbiezvSL2rnaHSjEbPZLDuIVisa4mza8pRh0kWW7AuuIISTvvrdv0k6cfR1FGHLb2LWI6xKgprDg7kH1VuAb9Bw3Kzt0lIUSoqcWSVLUbqUZJJJ8TUSyOO3LfCLIYMWaNqKjCO8pb2/RX3/no/cY4txaiSp1xxWZa/aWskRPDWwiBap5SUtJS0iIQIJHtLJJWvxUTHIJqL2IzcukEZPVM2K1A3HcJMg6lNJbaxZQg5fWV2U+O/wFY9U3JrFH5/E6fhajCE9dkVKqivKK8vx689yL23tIuKyA9lJ8z+ApmnCqIBjXjA8p1pXBYcAKWoSlEeJPqp5Tc9wNKBtSgVqMQJiLkX9XcLA27vDWsUMcKOBPV59TmcuW+3kv8DQKyKBO43+8eU1eugzODZeP0sIU1kVl6xJVCpQQQAPWgKE8+dVHaOHASCFhQUJB3xzHjr+FNWMUSpBUZiE+Gn31XT5j/s0qcIT6My3tcPjzd/RotuPxyXXlqab6ponstibAWE89/CTXTaqX6J7PDz6GzMKJKo1ASCfn86uO09n4ZplbzwlhkEIEkKUqYKsyYnMRlGtkzN6wxxOdyPVZNTDBUHfBmO3TmUlI/jW/hf4U86GQH5SZCm1CSN6VImOO4+NQmKx4UpStBlIGtsxAt8akehgPXhM2S2qw4kok/ECt+KDjGKPJazUwy5ck+b2XwVV9d2Xt0HeD50kWx/7rpLhEi/7z8aRSsyB2TuAPLdWk4+4oY3ijIndXKXeQ8zx476M43C27j4VFE2ddRyP8eFFIyr3VUVFBbJB5RJg5hvkqVcdxSIm++orpcJCUJMtpTaxEqMZ1XHGw5JFSL+EvmCilXMqUIG4zfyPnUdtJvELEILCeZUSrvTKYHnWLPDJKb22PUeF6vSYMK6nT3tNct+RXFtg4jrnTDYZUhCBw6ooQ2kT2QCoqKuIJ1M1Wsdh0p0O/+IqzvbDdupzOR74Eg953Uxf2MCOI4zSe2cGlMtfh+PUY5T06Tv14+S4/JW4rypXF7IKR2JJ3z91MDhHJjIqe6tUM0JLZnC1Hh+owyqUX8t/uJJUeJ86WDyvePnXmKw6myAsR3X7/ABq7Y3owhsZMm6Qo6kG4UDwPKlyZoRSbV2aNF4dqM85QT6XHs20ympcO8JPelP4U/wALtZ1A7C1J+ypSeF+yofwKft7LS03iFlPWKDeRtChMKcUEl3h2EZo35lJO6ktvlAZwgyhLoaBUmLlCx2VKPE5MwBvDo3VdizRa9wp1GDPhk45dmvPe/g+4+wHTjGtwE4l6BxdcI8lEiudo9LcRiFtqxLjrqWyOwXIBTIzJ7IHrAROtVgKrtSqu67MvU/T6It21NmBkNY5gZsG+SkGZKFx22l7woQSJ4EbpLPbaZS2pAzSYEb8wtHfXnQ/pInDlbGISXMHiBlfbGoNsr7fBxMA21gcBDrCNJQtxKHEvNMuHqXU6KJBgi25JCiNyuNZs6Say+R1PD8jzQnonxPdejVP6UhYNBtCWx7OvNRuo8727kiq9tdzM5HuiPFVz+yKnHFVWHlytR4qPw7I+FZNIurI5M6vjslh0kMMOLr5L/NEghjN1Lcay4qQN+gkbiExfQqphtPEZlQNNPAfvJpyXYW6RYhGXSLDKD42+NR6mF6qCgFXSVCARy5W3cK6El1SPKwm4Y9uW/sv9/YkMOEpYUCBKxA4zO751Ep08Pup+XBKVZTlSRcd4ufKmZsKqx97NGskm4qPCVL1rv822XLYG3OpSHUqCVKQUmecBUbwbWNqa9NOlpxnVtIAQy0PVToVaT3AWA3eNQ+ytgP4lRQ2iSNcxCQmeM/IAmmGNbU0tbSkwpCilXeDB8KiGDo77Fuq8UnqIqLSTqm+7PWlkTeLQbbioA/Orh0RaT1jiSO02mMyYIkkEEHgoCap+CEmLDMCJPgofFMeNXjolgShtSwSkLIHAnIMu7nNWVcq+ZmUnHC5Lv7r+t/z5k4YHtGJn+DFdIAVFwq5ASTf4c6SU27ASSoJnSBr3ceZr3qTOZNhx0gjdrPiLVYzIt9jkyOfIjw43rtyAANFaEGIHACuEJBsVJ771w2INrg2uLXqCVa5Q5+hni3+sR+NFNrcUeSv8tFQNt5EgMDYFCsgFsqnJH90pUPJQpr1jqdUpVzQcpOvsqt+1XrmKJEgBQnUDUXuCVRw0NMXtpgHKpRB3ApCT3AgDN5mig6qHY2gQoDspJFs6lA+RSJ36KqP2mhCpWpzq3I1QgBJP6SZJV35gaY4zaYEhSxB1Bgz38aqu0H0knKCB3mO+KiSTVND482THLqg2n6Eg5t7KopUlCwPaTv8AO9LM7dZOoKTVYUK5ArM9JifodXF49rIctP4r9qLcp/Dr0WPGtJ2I0jF4BokjM0kozC8dXa/IpCT41jmy3kzCkpKeaEqO7QkHL3wav2xEssJIZcdRmv2HbSQL3AQREaAx3UQ0lXTv0ZdLx15JJzj0td1+wli8NrlMSINgZEg7xxAqE2ps3rVZ15yqACriEpCUjSIAAHhVqxu13Gu0rE4dQNwnENNhXdmQZJ13U0Y6VhQJcwAI95CXUA80gZiR3gVQtLmg/dZ0peL6HUKssU/j/lIo7mxFjQ+YpIbKdmAme41oDm39nESpC0fZcbVE7u1BnlSDvSXCNiWGSo7lPkADQ2QPWHjT9eePP4Znem8MyK4Nr/sv1bIro90HW59Y8QlsXMmEgDXMrf3DzpXGYlBMNgJQkZUgCLC09530w2t0oW+frXiQNEiyR3JAio3/AGm373wP4VXk9pPlM2aWej0q92UV81fzff7Iliuqsld+/v333VJL2oi4EkxwqJSYir9JjcLtHJ8c1ePO4LHJOruvkOlSesIO68aQVRqbxofCuEOkgBRUQDYXIE692m6lmCJdB9ppR1m4vrvNebJH1yJmCbxrAvI52rQ5V1HKjh6/Zpd3X3r9SdLTQYSsKCkrkHdcesm/CYpPZW0GWSFNKcCt6lIQVc4JQYHdUfj8peeKUZEZyUNgyE54sOVuG4Uj1xm/wpcMVG2u5b4jnll6YzVONr71+haMdtFl1QU68vEQey0YAzf9MC/2pqJ6TuNOEEYcNux2ildoGkgCJ+NetYnMIUJ74j91cJYBvAk+EfibfGr5M5sYoicJgVEwdDwvV6wGMyJSAPVAAjUQI3zUPhW4iNPhUiwIGv8AG4AAeFLFjyW2xKJ2gDqCY0vqTGvKum3VG4TI3wPMTpNMigiQpJFtIE8dQact464ESfVSlPwCUxH8X402wm/c6edGp7I535AcTXaUKSCDACiCQTeQIE3trp3104ki+p3iZjy31wIOugBMe8YsgGREnfyqGxkvU5t7o/vUV5CfcV/eH4V7UhfxPdo4xtJIK5UNUpBUfGNBzNqh8ViAoEdWtQ/SAA+NP3EqJ7IIHBWXjomNN+ptwpu+mDHy0/d4ikbY8Un3K87h8swkJncL0wfaHGrA4jN6t91r/wAb6Zv4E8r76W2O4pFfdZj+PlxpEipo4YjT91IqwwOqY7rfCmsRoZYRIntT4EzUwrDO9WcmKUEQLLVaIiMwMgWiI3ebD6MRcC3HXx4ClEIBIKu1r633DS/KpsWj3ZeNUypUpC+LiRnM8M0wR8aenbGY+tedFEg9wk2F93CkvpBHqkiN3n4juvSLjgUO2kd5/ef4ipsij3EY8KtHWeFgdxn75po/i3ATKgJMlM5pI4lUz8q8cEfmwoA6m4nuEmkVT5bqiyaGzipNczS/UzXHVVFk0cTXc0dTXmU0WFDoKslfAwq+qTbyi3KRxqYXdwvoT9WDvN4ghagB3kwagGXCPvp3h8IpUQkgE+FJkh1cGrTar2OzVq0123XHZ7enwHyx1jiimSDYRvi091ds4dJE69348Z3Rup3g8HbUGOYHxmngZCSQuZ4WzW4cBoZvuialRpJIqy5PaZHkn3d/UZtsDu+NOWWkjUz8vHj4R41222I39+/y/fSi8MQSREW9YnU9ySab3hPcFVokZpB8vLjNKNMiZkg6iCbEbx/G80JZQCJUmbHlJBGW9ogi5ueWlPQ+pVyQoTyMeVC9SHXYbmykpkX03RzJ0ivFrymMw/smROk3inCWQTpBMk35RPz+PGuX8CkJzZoA4zJ5DibgRFSL1M9wipOUGB70WA4215UmccndCk8J7XjpB5Rb402ZazJkBSftQL6EWPEaa6ca7Q4U7goqsAYueEax+FFB13yL/Sh7o/vfvr2n3+xlf/mZ/VD/ADV7UEl7V6NFER9KHH813advlSKvRaT/AM0P1XGZ9vnWk0UWxaMvV6JVSD9LAiI+pOg3fnN9Lr9GDhTl+mJjSzG7h+crSaKgkyo+h8/zsfqf/JSLnoZJ0xiZ/qD/AKta3RQTbMfV6E1H/nh+ot/3a5X6ESbHGg/9A/6tbFRQFmMn0Gq3Y8D/AKE//bXCvQWuZ+npnicOZ/71bTRQRZip9BK/5+n/APnP+rXp9BS/5+nxw5/1q2migDFfyEK/n4/UH/Vpdv0Hm2bGpVY/yBG4x/K7reVbHRQTZjbnoM4YwD/ok/N2ufyFn+ep/Uf+WtmoqKJ6mY8j0IAGfpg5fUn/AFact+hwj/nB+p+f1laxRUi2Zb+SI3/3sXt+Znv9uu1+iTMSpWLOZWp6vWAALFZA0FafRQTZlzfolUP+bSR/U3/7lKH0UEz/AL2L/wBF/wCStNoqbZBl35JCNMZu3tE34/nL0vh/RQlKsxxGfS6m7zvuF6ct3lWlUUWBm6/Rab5cXln+jKv8SzXCvRe4YnGJtoOotoRoXDuJFaXRUE2Zqn0V2AOK0m/VXuSff0v8K8PorV/OwdNWj4/ylaXRU2xaRmH5Jv8A9lH6k/6te1p1FFsKQUUUVBIUUUUAFFFFABRRRQAUUUUAFFFFABRRRQAUUUUAFFFFABRRRQAUUUUAFFFFABRRRQAUUUUAFFFFABRRRQAUUUUAFFFFABRRRQAUUUUAFFFFABRRRQAUUUUAFFFFABRRRQAUUUUAFFFFABRRRQAUUUUAFFFFAH//2Q==', '', 'Thailand');
INSERT INTO product VALUES (5, 'Electric car with 4 engines', 'Type of vehicle: Electric car boys. Vehicle code: 2020. Dimensions: 120 x 70 x 55 cm. Battery: 12V -7 Ah. Weight: 23 kg. Load capacity: 45 kg. Speed: 3-6 km / h. Charging time: 8-10 hours. Usage time: 1:30 - 2:00. With a design that is harmoniously combined between the McLaren and Ferrari series, it has created an extremely ideal product. The lines are both soft but equally angular, making the 2020 electric car a thorn in the eyes of other cars because it is too impressive.', 2950000, 'https://encrypted-tbn0.gstatic.com/images?q=tbn:ANd9GcRG4r-DCkaAbILjeFoe2jQegmP9aSM4rD72kQ&usqp=CAU', '', 'China');
INSERT INTO product VALUES (6, 'Vespa electric motorcycle', 'Size: 102 * 51 * 76 cm. Load capacity up to 40 kg. Age of use: 2-8 years old. The product has 2 batteries 6V-4AH ~ 12V battery, 2 motors, integrated lamp, Mp3 player, USB, spacious seats for 2 children to sit comfortably. BBT Global genuine Vespa childrens electric motorbikes are manufactured according to European standards from safe, non-toxic plastic materials and the highest quality electronic components.', 1700000, 'https://encrypted-tbn0.gstatic.com/images?q=tbn:ANd9GcTPWwp9Ymfm_pc23W6ooFRDaQNeR8MM-RrvIQ&usqp=CAU', '', 'Korean');
INSERT INTO product VALUES (7, 'Remote control speed racing toy LT2035-VN.', 'Racing Car LT2035-VN Remote Control Speed Racing Toy Box is a 1:24 scale mini racing toy in Vietnam with strong colors, delicate shark head design, and design. Beautifully able to run at a speed of 10km / h is sure to be a children toy that boys love. Products for children from 6 years and older', 109000, 'https://dochoicholon.com/image/data/XDK/hop-do-choi-xe-dua-toc-do-dieu-khien-tu-xa-lt2035-1.jpg', '', 'VietNam');
INSERT INTO product VALUES (8, 'DRONE CAMERA JJRC H39WH REMOTE CONTROLLED', 'The Jjrc H39hw remote control plane is a line of remote-controlled airplanes with foldable wings when not in play.This is a trend in today professional aircraft. Another half improvement of the jjrc map drone is the unibody design of the airplane battery, giving the aircraft a certain professionalism without having to unplug it to charge the battery as before. The jjrc h39hw drone is equipped with a HD 2.0 FPV camera that transmits images directly to the voice input while playing, giving players a feeling of excitement as if they are flying real airplanes. This toy suits for boys', 1290000, 'https://bizweb.dktcdn.net/100/241/553/products/may-bay-dieu-khien-tu-xa-drone-flycam-jjrc-h39wh.jpg?v=1512199154080', '', 'France');
INSERT INTO product VALUES (9, '42 high-class cooking toys for girls', 'Kitchen set 42 details: double gas stove, saucepan, pot, dishes, refrigerator, fruit, sink, etc. The stove has a smoke effect; The sink has running water. Age: from 2 years old. Dimensions: 54.5 x 22 x 63 cm. Material: Safe, no fading, odorless virgin plastic. Goods imported according to European standards. Certification by Directorate for Standards, Metrology and Quality.', 400000, 'https://sudospaces.com/babycuatoi/2020/04/do-choi-nau-an-cho-be-889-167-bbt-global-medium.jpg', '', 'Europe');
INSERT INTO product VALUES (10, 'BBT Global 1520A make-up table for girls', 'Manufacturer: BBT GLOBAL. Use for children: 3 years old and up. Size: dressing table: 48 * 22 * 81cm, chair: 23 * 23 * 39cm with 11 details, with seats, funny sound and lights. High quality toys are manufactured according to European standards, certified by the General Department of Quality Control, Import and PP by BBT Vietnam, No. 1 in children toys, safe baby toys, equipment education and entertainment equipment.', 500000, 'https://sudospaces.com/babycuatoi/2020/10/1520a-do-choi-ban-trang-diem-cho-be-bbt-global-2-2.jpg', '', 'Vietnam');
INSERT INTO product VALUES (11, 'Baby boy electric motorcycle BBT-5166D', 'Manufacturer: BBT GLOBAL. New model 2017. Size: 100 * 50 * 65cm. Load capacity up to 30 kg. Integrated mp3 music, supports USB, SD, whistle, beautiful LED lights. The car has 1 6V / 7AH battery, 2 engines, super durable solid wheel with glowing lights, speed 3-5km / h. Cool off-road styling comes in red and white. 12 month warranty for the whole car, permanent maintenance. High quality products, made from Korean virgin plastic, are manufactured according to European standards.', 1420000, 'https://sudospaces.com/babycuatoi/2020/01/xe-may-dien-tre-em-bmw-2-dong-co-do-bbt-5166d.jpg', '', 'Germany');
INSERT INTO product VALUES (12, 'Repair toy for boys 008-81', 'Manufacturer: BBT GLOBAL. Size: 44 * 28 * 71cm. Material: Raw plastic imported from Korea, safe for babies. High quality toys are manufactured according to European standards, certified by the General Department of Quality Control, Import and PP by BBT Vietnam, No. 1 in children toys, safe baby toys, equipment education and entertainment equipment. Toys suitable for boys from 3 years old.', 530000, 'https://sudospaces.com/babycuatoi/2020/07/008-81-do-choi-sua-chua-cho-be-1.jpg', '', 'England');
INSERT INTO product VALUES (13, 'Supermarket large-sized toy 668-05', 'The toy set includes a stall and a large stroller. Age: 2+. Dimensions: 48 x 41 x 82 cm. Contains a lot of details like: cash register, fruit, food, barcode scanner, etc. Material: Safe, no fading, odorless virgin plastic. Goods imported according to European standards. Certification by Directorate for Standards, Metrology and Quality', 600000, 'https://sudospaces.com/babycuatoi/2020/03/668-05-do-choi-sieu-thi-co-xe-day.jpg', '', 'Italia');
INSERT INTO product VALUES (14, 'YA020 large fashion doll toys', 'Manufacturer: BBT Global. Box size: 61X7 * 32cm, doll 30cm high in silicon body, flexible joints, including accessories: crown, 10 dresses, earrings, 1 30cm doll with gorgeous princess dress, and a little doll on a swing. High quality toys are manufactured according to European standards, certified by the General Department of Quality Control, Import and PP by BBT Vietnam, No. 1 in childrens toys, safe baby toys.', 239000, 'https://sudospaces.com/babycuatoi/2020/08/ya020-do-choi-bup-be-thoi-trang-cho-be-co-lon.jpg', '', 'Findland');
INSERT INTO product VALUES (15, 'New generation remote control robot 822', 'Brand: BBTGlobal. Box size: 20 * 30 * 7cm. Smart robot with remote control with lights, sound, can go forward, backward, turn left, turn right, can slide up, slide down, have led lights in the eye when controlling, can jump to many Different songs, with self-back sensor when hands out in front, can talk to your baby, handy charging port when out of battery, will definitely be a more interesting gift for special babies are boys. High quality toys are manufactured according to European standards, certified by the General Department of Quality Control, Import and PP by BBT Vietnam, No. 1 in children toys, safe baby toys.', 349000, 'https://sudospaces.com/babycuatoi/2020/07/822-ro-bot-thong-minh-dieu-khien-tu-xa-the-he-moi.jpg', '', 'Poland');
INSERT INTO product VALUES (16, 'Mini drawing school projector table lamp set', 'Manufacturer: BBT Global. Size: 86 * 44 * 93cm. The desk lamp set for drawing study projector has reached European TCCL (CE), has been certified CR safety when imported into Vietnam, imported and distributed by BBT Vietnam Company No. 1 on childrens toys, toys Play for your baby.', 165000, 'https://sudospaces.com/babycuatoi/uploads/20042015/bb6776.jpg', '', 'Dutch');
INSERT INTO product VALUES (17, 'Magnet chess board set QX5699', 'Chess belongs to the group of intellectual games - it helps children to foster their thinking ability (intelligence, creativity ...), practice persistence, logical thinking, the ability to work independently, know ways of thinking and handling situations, etc. Highlights of the chess board for kids QX5699. Brand: BBT Global. Diameter of chess piece: 2.3 * 0.6cm, chess board: 24 * 24 * 2cm. The folded chessboard is compact, forming a box that holds the pieces inside. The pieces are moderately magnetic and can be adsorbed on the board.', 100000, 'https://sudospaces.com/babycuatoi/2020/03/ban-co-tuong-cho-be.jpg', '', 'Europe');
INSERT INTO product VALUES (18, 'Chess set gold silver magnet', 'Chess belongs to the group of intellectual games - helping children foster their thinking abilities (intelligence, creativity ...), practice persistence, logical thinking, the ability to work independently, know ways of thinking and handling situations, etc. If you force your child to solve a problem, he / she will be depressed, leading to more fear of learning. If you let your child play a thinking game, he will be very enthusiastic. Playing to learn, learn to play that is chess, chess is being chosen by many parents for their children!', 129000, 'https://sudospaces.com/babycuatoi/2020/03/do-choi-ban-co-cho-be.jpg', '', 'Europe');
INSERT INTO product VALUES (19, 'Zinc trace folding scooter', 'Leave your mark with the new Trace kick scooter from Zinc! Enjoy features such as ABEC 7 chrome bearings, 200mm PU wheels and a quick stop rear friction brake. Handlebars have a three-height adjustment setting and have soft touch grips which allow you to maximise comfort whilst riding. When not in use you can fold the scooter for easy storage and transportation.', 1235000, 'https://media.4rgos.it/s/Argos/8212773_R_SET?w=270&h=270&qlt=75&fmt=webp', '', 'England');
INSERT INTO product VALUES (20, 'Little tinkes cozy coupe', 'The classic Cozy Coupe comes to life. For generations, children have been taking adventure and imagination on the road with one of the original ride on toys—the Cozy Coupe. Now this classic kid-powered car has a whole new look that your little ones will love! Complete with a working horn, a contained storage area perfect for toy travellers and a face that ids always smiling, your child will be ruling the road in no time.', 155000, 'https://media.4rgos.it/s/Argos/3673441_R_SET?w=270&h=270&qlt=75&fmt=webp', '', 'Europe');
INSERT INTO product VALUES (21, 'sheep spring-loaded seesaw', 'Manufacturer: BBT Global. Product size: 81 * 43 * 83 (cm). High quality products, manufactured according to European standards, certified by the General Department of Quality Assurance, Import and PP by BBT Vietnam company, No. 1 in childrens toys, safe baby toys. educational equipment and entertainment area equipment.', 3590000, 'https://sudospaces.com/babycuatoi/2020/04/zk139-30-bap-benh-nhun-lo-xo-khu-vui-choi-cho-be-medium.jpg', '', 'Europe');
INSERT INTO product VALUES (22, 'Deer spring-loaded seesaw', 'Manufacturer: BBT Global. Product size: 81 * 43 * 83 (cm). High quality products, manufactured according to European standards, certified by the General Department of Quality Assurance, Import and PP by BBT Vietnam company, No. 1 in childrens toys, safe baby toys. educational equipment and entertainment area equipment.', 2450000, 'https://sudospaces.com/babycuatoi/2020/07/bap-benh-nhun-lo-xo-don-con-nai-yl-08-medium.jpg', '', 'Europe');

INSERT INTO product_subcategory VALUES (3, 1);
INSERT INTO product_subcategory VALUES (4, 1);
INSERT INTO product_subcategory VALUES (5, 1);
INSERT INTO product_subcategory VALUES (10, 1);

INSERT INTO product_subcategory VALUES (4, 2);
INSERT INTO product_subcategory VALUES (5, 2);
INSERT INTO product_subcategory VALUES (10, 2);
Insert INTO product_subcategory VALUES (3, 2);

INSERT INTO product_subcategory VALUES (4, 3);
INSERT INTO product_subcategory VALUES (6, 3);
INSERT INTO product_subcategory VALUES (11, 3);
INSERT INTO product_subcategory VALUES (3, 3);

INSERT INTO product_subcategory VALUES (4, 4);
INSERT INTO product_subcategory VALUES (3, 4);
INSERT INTO product_subcategory VALUES (7, 4);
INSERT INTO product_subcategory VALUES (11, 4);

INSERT INTO product_subcategory VALUES (5, 5);
INSERT INTO product_subcategory VALUES (3, 5);
INSERT INTO product_subcategory VALUES (4, 5);
INSERT INTO product_subcategory VALUES (11, 5);

INSERT INTO product_subcategory VALUES (3, 6);
INSERT INTO product_subcategory VALUES (4, 6);
INSERT INTO product_subcategory VALUES (6, 6);
INSERT INTO product_subcategory VALUES (11, 6);

INSERT INTO product_subcategory VALUES (1, 7);
INSERT INTO product_subcategory VALUES (3, 7);
INSERT INTO product_subcategory VALUES (5, 7);
INSERT INTO product_subcategory VALUES (11, 7);

INSERT INTO product_subcategory VALUES (1, 8);
INSERT INTO product_subcategory VALUES (3, 8);
INSERT INTO product_subcategory VALUES (5, 8);
INSERT INTO product_subcategory VALUES (11, 8);

INSERT INTO product_subcategory VALUES (1, 9);
INSERT INTO product_subcategory VALUES (6, 9);
INSERT INTO product_subcategory VALUES (9, 9);

INSERT INTO product_subcategory VALUES (1, 10);
INSERT INTO product_subcategory VALUES (6, 10);
INSERT INTO product_subcategory VALUES (10, 10);

INSERT INTO product_subcategory VALUES (3, 11);
INSERT INTO product_subcategory VALUES (4, 11);
INSERT INTO product_subcategory VALUES (5, 11);
INSERT INTO product_subcategory VALUES (10, 11);

INSERT INTO product_subcategory VALUES (1, 12);
INSERT INTO product_subcategory VALUES (5, 12);
INSERT INTO product_subcategory VALUES (10, 12);

INSERT INTO product_subcategory VALUES (1, 13);
INSERT INTO product_subcategory VALUES (2, 13);
INSERT INTO product_subcategory VALUES (7, 13);
INSERT INTO product_subcategory VALUES (10, 13);

INSERT INTO product_subcategory VALUES (1, 14);
INSERT INTO product_subcategory VALUES (2, 14);
INSERT INTO product_subcategory VALUES (6, 14);
INSERT INTO product_subcategory VALUES (10, 14);

INSERT INTO product_subcategory VALUES (1, 15);
INSERT INTO product_subcategory VALUES (2, 15);
INSERT INTO product_subcategory VALUES (5, 15);
INSERT INTO product_subcategory VALUES (11, 15);

INSERT INTO product_subcategory VALUES (2, 16);
INSERT INTO product_subcategory VALUES (6, 16);
INSERT INTO product_subcategory VALUES (10, 16);

INSERT INTO product_subcategory VALUES (2, 17);
INSERT INTO product_subcategory VALUES (7, 17);
INSERT INTO product_subcategory VALUES (11, 17);

INSERT INTO product_subcategory VALUES (2, 18);
INSERT INTO product_subcategory VALUES (7, 18);
INSERT INTO product_subcategory VALUES (11, 18);

INSERT INTO product_subcategory VALUES (3, 19);
INSERT INTO product_subcategory VALUES (4, 19);
INSERT INTO product_subcategory VALUES (5, 19);
INSERT INTO product_subcategory VALUES (10, 19);

INSERT INTO product_subcategory VALUES (3, 20);
INSERT INTO product_subcategory VALUES (4, 20);
INSERT INTO product_subcategory VALUES (7, 20);
INSERT INTO product_subcategory VALUES (8, 20);

INSERT INTO product_subcategory VALUES (3, 21);
INSERT INTO product_subcategory VALUES (7, 21);
INSERT INTO product_subcategory VALUES (9, 21);

INSERT INTO product_subcategory VALUES (3, 22);
INSERT INTO product_subcategory VALUES (7, 22);
INSERT INTO product_subcategory VALUES (9, 22);